<?xml version="1.0" encoding="UTF-8"?>
<project-private xmlns="http://www.netbeans.org/ns/project-private/1">
    <editor-bookmarks xmlns="http://www.netbeans.org/ns/editor-bookmarks/2" lastBookmarkId="0"/>
    <open-files xmlns="http://www.netbeans.org/ns/projectui-open-files/2">
        <group>
            <file>file:/C:/Users/sporr/OneDrive/Desktop/AHaw%20CS2511/CS2511/AutoProblemSolver/src/domains/puzzle/PuzzleGUI.java</file>
            <file>file:/C:/Users/sporr/OneDrive/Desktop/AHaw%20CS2511/CS2511/AutoProblemSolver/src/domains/puzzle/PuzzleState.java</file>
            <file>file:/C:/Users/sporr/OneDrive/Desktop/AHaw%20CS2511/CS2511/AutoProblemSolver/src/framework/solution/Solver.java</file>
            <file>file:/C:/Users/sporr/OneDrive/Desktop/AHaw%20CS2511/CS2511/AutoProblemSolver/src/domains/puzzle/PuzzleMover.java</file>
            <file>file:/C:/Users/sporr/OneDrive/Desktop/AHaw%20CS2511/CS2511/AutoProblemSolver/src/framework/solution/GraphSolver.java</file>
            <file>file:/C:/Users/sporr/OneDrive/Desktop/CS%202511/Graph_Test_Packages%20-%20Copy/domains/example/ExampleGraphTest.java</file>
            <file>file:/C:/Users/sporr/OneDrive/Desktop/AHaw%20CS2511/CS2511/AutoProblemSolver/src/framework/solution/StateSpaceSolver.java</file>
            <file>file:/C:/Users/sporr/OneDrive/Desktop/AHaw%20CS2511/CS2511/AutoProblemSolver/src/framework/ui/ProblemGUI.java</file>
            <file>file:/C:/Users/sporr/OneDrive/Desktop/AHaw%20CS2511/CS2511/AutoProblemSolver/src/domains/puzzle/PuzzleProblem.java</file>
            <file>file:/C:/Users/sporr/OneDrive/Desktop/CS%202511/Graph_Test_Packages%20-%20Copy/framework/solution/StateSpaceSolverTest.java</file>
            <file>file:/C:/Users/sporr/OneDrive/Desktop/AHaw%20CS2511/CS2511/AutoProblemSolver/src/domains/puzzle/PuzzleConsole.java</file>
        </group>
    </open-files>
</project-private>
